Time,Device ID,WCenter Lat,WCenter Lon,WCenter Alt,SSID,MAC,Ferquency,Signal
"",Device ID: LMY47V
Fri Dec 01 10:43:00 IST 2017,,34.81439189,32.17225202,17.18081812,angela,80:1f:02:f5:d8:e8,model=SM-G950F_device=dreamlte,-89
Fri Dec 01 10:43:00 IST 2017,,34.81421445,32.17226522,22.81899152,KarvatB0.5,14:ae:db:cc:ed:6d,model=SM-G950F_device=dreamlte,-89
Fri Dec 01 10:43:00 IST 2017,,34.81365607457001,32.17236066945361,30.374179752400053,BezeqFreeGA32E3,52:b0:ce:ac:32:98,model=SM-G950F_device=dreamlte,-80
Fri Dec 01 10:43:00 IST 2017,,34.813586407435764,32.17236621951538,41.62609770376634,lellouche,a4:2b:b0:ad:2d:34,model=LenovoPB2-690Y_device=PB2PRO,-93
Fri Dec 01 10:43:00 IST 2017,,34.813029476637745,32.172448969678285,31.29501153271487,dobry2016,6c:b0:ce:ac:32:9b,model=SM-G950F_device=dreamlte,-69
Fri Dec 01 10:43:00 IST 2017,,34.813345157307,32.17238667590665,40.19390185113106,Mevohot_1,20:0c:c8:1b:a2:48,model=LenovoPB2-690Y_device=PB2PRO,-95
Fri Dec 01 10:43:00 IST 2017,,34.813117385343396,32.17208376762239,36.74467850869553,DIR-825-4f83,80:26:89:0d:4f:84,model=SM-G950F_device=dreamlte,-66
Fri Dec 01 10:43:00 IST 2017,,34.813117385343396,32.17208376762239,36.74467850869553,DIR-825-4f83,80:26:89:0d:4f:84,model=LenovoPB2-690Y_device=PB2PRO,-73
Fri Dec 01 10:43:00 IST 2017,,34.81296682,32.17243758,47.0,BezeqFree,06:ae:db:ba:1e:85,model=LenovoPB2-690Y_device=PB2PRO,-81
Fri Dec 01 10:43:00 IST 2017,,34.813117385343396,32.17208376762239,36.74467850869553,DIR-825-4f83,80:26:89:0d:4f:84,model=SM-G950F_device=dreamlte,-57
Fri Dec 01 10:43:00 IST 2017,,34.81287570965926,32.17245021201246,33.58187581664222,ELDAD,10:0d:7f:80:17:80,model=LenovoPB2-690Y_device=PB2PRO,-73
Fri Dec 01 10:43:00 IST 2017,,34.81287570965926,32.17245021201246,33.58187581664222,ELDAD,10:0d:7f:80:17:80,model=SM-G950F_device=dreamlte,-78
Fri Dec 01 10:43:00 IST 2017,,34.81260015,32.1724962,47.0,Eldad_2EX,80:1f:02:e8:b9:cc,model=LenovoPB2-690Y_device=PB2PRO,-81
Fri Dec 01 10:43:00 IST 2017,,34.812384509796765,32.17255562967106,45.63922479263982,HOTBOX1234,00:78:9e:f9:f5:5b,model=LenovoPB2-690Y_device=PB2PRO,-82
Fri Dec 01 10:43:00 IST 2017,,34.812012775001214,32.172112748261775,38.149036302524706,varda,c4:12:f5:85:27:c2,model=LenovoPB2-690Y_device=PB2PRO,-95
Fri Dec 01 10:43:00 IST 2017,,34.813117385343396,32.17208376762239,36.74467850869553,DIR-825-4f83,80:26:89:0d:4f:84,model=LenovoPB2-690Y_device=PB2PRO,-77
Fri Dec 01 10:43:00 IST 2017,,34.812081943829455,32.172414896155125,36.53985057918784,urigil1,a0:ab:1b:5d:c2:60,model=SM-G950F_device=dreamlte,-90
Fri Dec 01 10:43:00 IST 2017,,34.81204165,32.17230828,48.0,Gil-Up,50:c7:bf:36:df:98,model=Lenovo,-89
Fri Dec 01 10:44:00 IST 2017,,34.812026396633094,32.172230939623624,30.37137415911496,Helen.,a0:ab:1b:57:cd:42,PB2-690Y_device=PB2PRO,-79
Fri Dec 01 10:44:00 IST 2017,,34.81196568,32.17212193,47.0,U2I8L1M0X42,7c:b7:33:97:35:f1,model=SM-G950F_device=dreamlte,-73
Fri Dec 01 10:44:00 IST 2017,,34.81184734608824,32.17178820841816,39.6583715086038,BenAmi_2.4,c4:04:15:60:6a:b5,model=Lenovo,-84
Fri Dec 01 10:44:00 IST 2017,,34.8119037430026,32.17193606680359,31.52103164046283,Liza,8c:59:c3:ea:db:4a,PB2-690Y_device=PB2PRO,-78
Fri Dec 01 10:44:00 IST 2017,,34.81184734608824,32.17178820841816,39.6583715086038,BenAmi_2.4,c4:04:15:60:6a:b5,model=Lenovo,-77
Fri Dec 01 10:44:00 IST 2017,,34.81192039732568,32.17196516038125,43.02997919131326,GilKitchen,80:1f:02:a3:7d:62,PB2-690Y_device=PB2PRO,-96
Fri Dec 01 10:44:00 IST 2017,,34.812012775001214,32.172112748261775,38.149036302524706,varda,c4:12:f5:85:27:c2,model=SM-G950F_device=dreamlte,-87
Fri Dec 01 10:44:00 IST 2017,,34.81165122721805,32.171263825408204,30.320091311172845,mika1,c4:12:f5:fb:c0:3e,model=Lenovo,-82
Fri Dec 01 10:44:00 IST 2017,,34.81159404277828,32.171179837013575,35.493895007276016,DAVID,d8:fb:5e:17:1b:d6,PB2-690Y_device=PB2PRO,-96
Fri Dec 01 10:44:00 IST 2017,,34.81159404277828,32.171179837013575,35.493895007276016,DAVID,d8:fb:5e:17:1b:d6,model=Lenovo,-92
Fri Dec 01 10:44:00 IST 2017,,34.81143395595585,32.17088837771991,35.26908809112831,home,00:13:d4:0f:f3:ba,PB2-690Y_device=PB2PRO,-94
Fri Dec 01 10:44:00 IST 2017,,34.81143395595585,32.17088837771991,35.26908809112831,home,00:13:d4:0f:f3:ba,model=SM-G950F_device=dreamlte,-83
Fri Dec 01 10:44:00 IST 2017,,34.81143395595585,32.17088837771991,35.26908809112831,home,00:13:d4:0f:f3:ba,model=SM-G950F_device=dreamlte,-88
Fri Dec 01 10:44:00 IST 2017,,34.81143395595585,32.17088837771991,35.26908809112831,home,00:13:d4:0f:f3:ba,model=Lenovo,-77
Fri Dec 01 10:44:00 IST 2017,,34.811234822415386,32.17052779277119,35.3253518149812,Guymic,14:ae:db:b7:99:2d,PB2-690Y_device=PB2PRO,-88
Fri Dec 01 10:44:00 IST 2017,,34.81120704689977,32.17048651891148,33.6755128410727,HOTFiber-A53E,7c:b7:33:a1:7e:98,model=SM-G950F_device=dreamlte,-80
Fri Dec 01 10:44:00 IST 2017,,34.81120704689977,32.17048651891148,33.6755128410727,HOTFiber-A53E,7c:b7:33:a1:7e:98,model=Lenovo,-79
Fri Dec 01 10:44:00 IST 2017,,34.811034593925235,32.170149191121496,35.39146212461059,devolo-0f4,30:d3:2d:37:20:f4,PB2-690Y_device=PB2PRO,-88
Fri Dec 01 10:44:00 IST 2017,,34.811034593925235,32.170149191121496,35.39146212461059,devolo-0f4,30:d3:2d:37:20:f4,model=SM-G950F_device=dreamlte,-80
Fri Dec 01 10:44:00 IST 2017,,34.81100762,32.17005047,28.28929069,Neeman2.4_5,20:0c:c8:1d:c8:2c,model=Lenovo,-89
Fri Dec 01 10:44:00 IST 2017,,34.81091863896086,32.16988572365836,33.84665101691103,Neeman2.4,20:0c:c8:1d:c8:2b,PB2-690Y_device=PB2PRO,-81
Fri Dec 01 10:44:00 IST 2017,,34.81092359,32.16984101,28.20187075,HP-Print-20-Deskjet4640series,fc:15:b4:65:09:20,model=SM-G950F_device=dreamlte,-87
Fri Dec 01 10:44:00 IST 2017,,34.81083325,32.16968089,37.0,Alpha125,30:b5:c2:e0:55:9c,model=Lenovo,-82
Fri Dec 01 10:44:00 IST 2017,,34.81075792,32.16947978,37.0,BezeqFreeT00C36,5a:0c:c8:0f:21:90,PB2-690Y_device=PB2PRO,-92
Fri Dec 01 10:44:00 IST 2017,,34.81071393,32.16930329,27.82938003,edimax_2.4G_A92417,74:da:38:a9:24:17,model=SM-G950F_device=dreamlte,-75
Fri Dec 01 10:44:00 IST 2017,,34.81069492849091,32.16931426903848,33.97025437511504,BezeqNGN_001489_2.4GHz_1,c0:a0:bb:cb:59:5b,model=Lenovo,-73
Fri Dec 01 10:44:00 IST 2017,,34.81064193368,32.16916727728,35.538429025279996,forestisthebest,c8:d7:19:da:03:16,PB2-690Y_device=PB2PRO,-78
Fri Dec 01 10:44:00 IST 2017,,34.81057719797345,32.16896946683166,34.084804406157325,OberynMartell,18:d6:c7:fb:1c:0e,model=Lenovo,-79
Fri Dec 01 10:44:00 IST 2017,,34.81054405,32.16882317,27.11526685,RS_GUEST,ec:08:6b:38:0d:dd,PB2-690Y_device=PB2PRO,-85
Fri Dec 01 10:44:00 IST 2017,,34.81060785,32.16872739,38.0,kaymeraQA,00:f6:63:15:58:80,model=Lenovo,-82
Fri Dec 01 10:45:00 IST 2017,,34.811431718218316,32.1688052392618,35.40337896527467,LRWN,0c:f4:d5:29:a2:9c,PB2-690Y_device=PB2PRO,-91
Fri Dec 01 10:45:00 IST 2017,,34.8107842332903,32.16871182208617,38.46326223304439,A-Home,00:25:86:b1:6f:f8,model=SM-G950F_device=dreamlte,-81
Fri Dec 01 10:45:00 IST 2017,,34.81164041,32.16877222,36.0,LRWN,ec:8c:a2:08:a4:5c,model=Lenovo,-69
Fri Dec 01 10:45:00 IST 2017,,34.81178747,32.1688461,28.29109854,LRWN,ec:8c:a2:09:dd:4c,PB2-690Y_device=PB2PRO,-70
Fri Dec 01 10:45:00 IST 2017,,34.81188912,32.16898017,37.0,SE-WiFi-Employees,70:4c:a5:20:be:18,model=SM-G950F_device=dreamlte,-94
Fri Dec 01 10:45:00 IST 2017,,34.81209444,32.16940316,40.0,Einav_1,00:26:5a:10:b7:0a,model=Lenovo,-82
Fri Dec 01 10:45:00 IST 2017,,34.81245844110614,32.16958247747079,30.970480454753726,nina,20:0c:c8:2b:2a:14,PB2-690Y_device=PB2PRO,-68
Fri Dec 01 10:45:00 IST 2017,,34.81245844110614,32.16958247747079,30.970480454753726,nina,20:0c:c8:2b:2a:14,model=Lenovo,-73
Fri Dec 01 10:45:00 IST 2017,,34.81242013491674,32.16969940149049,28.686661072801808,arama,80:1f:02:36:04:d0,PB2-690Y_device=PB2PRO,-81
Fri Dec 01 10:45:00 IST 2017,,34.81225463,32.16977119,40.0,mazia,14:ae:db:b2:5f:05,model=SM-G950F_device=dreamlte,-87
Fri Dec 01 10:45:00 IST 2017,,34.81233913,32.16994827,41.0,TUCHLER,00:26:5a:69:94:e3,model=Lenovo,-81
Fri Dec 01 10:45:00 IST 2017,,34.812604630186485,32.170673816282374,33.00980472385518,UFI_UF230_B3F,00:0b:6c:4d:1b:3f,PB2-690Y_device=PB2PRO,-83
Fri Dec 01 10:45:00 IST 2017,,34.81269163800742,32.17024638126655,33.22714033934763,ter123,70:4d:7b:0c:89:50,model=Lenovo,-82
Fri Dec 01 10:45:00 IST 2017,,34.81269163800742,32.17024638126655,33.22714033934763,ter123,70:4d:7b:0c:89:50,PB2-690Y_device=PB2PRO,-72
Fri Dec 01 10:45:00 IST 2017,,34.812704035,32.170888525,41.0,hot,00:1c:10:09:4f:bc,model=Lenovo,-84
Fri Dec 01 10:45:00 IST 2017,,34.812604630186485,32.170673816282374,33.00980472385518,UFI_UF230_B3F,00:0b:6c:4d:1b:3f,PB2-690Y_device=PB2PRO,-70
Fri Dec 01 10:45:00 IST 2017,,34.812604630186485,32.170673816282374,33.00980472385518,UFI_UF230_B3F,00:0b:6c:4d:1b:3f,model=SM-G950F_device=dreamlte,-63
Fri Dec 01 10:45:00 IST 2017,,34.812829849243556,32.171336618707365,33.33753075362183,Ode2.4Ghz,00:12:2a:e1:6c:48,model=Lenovo,-83
Fri Dec 01 10:45:00 IST 2017,,34.8128554262013,32.17143645030123,38.58572276052996,Oded,14:cc:20:76:b8:2a,PB2-690Y_device=PB2PRO,-65
Fri Dec 01 10:45:00 IST 2017,,34.81295222550321,32.17178432683929,30.622317270252754,Oded5Ghz,00:12:2a:e1:6c:4c,model=SM-G950F_device=dreamlte,-84
Fri Dec 01 10:45:00 IST 2017,,34.81290645651568,32.17151950533051,36.1876526341848,HOTBOX-2017,c0:ac:54:f5:7d:bd,model=Lenovo,-78
Fri Dec 01 10:45:00 IST 2017,,34.8131110568187,32.17119562744008,27.73321095199865,yotam17,f8:ab:05:e9:6d:3d,PB2-690Y_device=PB2PRO,-85
Fri Dec 01 10:45:00 IST 2017,,34.8121285943714,32.17000964010358,32.13853079075498,Candan,c0:ff:d4:7b:82:30,model=Lenovo,-91
Fri Dec 01 10:45:00 IST 2017,,34.812604630186485,32.170673816282374,33.00980472385518,UFI_UF230_B3F,00:0b:6c:4d:1b:3f,PB2-690Y_device=PB2PRO,-92
Fri Dec 01 10:46:00 IST 2017,,34.81299604,32.17198535,26.59308527,SHAHAF2.4,20:0c:c8:0a:ef:2a,model=SM-G950F_device=dreamlte,-82
Fri Dec 01 10:46:00 IST 2017,,34.81295222550321,32.17178432683929,30.622317270252754,Oded5Ghz,00:12:2a:e1:6c:4c,model=Lenovo,-82
Fri Dec 01 10:46:00 IST 2017,,34.81295222550321,32.17178432683929,30.622317270252754,Oded5Ghz,00:12:2a:e1:6c:4c,PB2-690Y_device=PB2PRO,-89
Fri Dec 01 10:46:00 IST 2017,,34.8128554262013,32.17143645030123,38.58572276052996,Oded,14:cc:20:76:b8:2a,model=Lenovo,-92
Fri Dec 01 10:46:00 IST 2017,,34.812829849243556,32.171336618707365,33.33753075362183,Oded2.4Ghz,00:12:2a:e1:6c:48,PB2-690Y_device=PB2PRO,-84
Fri Dec 01 10:46:00 IST 2017,,34.81336990029565,32.17239627107894,33.515282987234094,sellahome,d8:fb:5e:17:47:f8,model=SM-G950F_device=dreamlte,-73
Fri Dec 01 10:46:00 IST 2017,,34.813117385343396,32.17208376762239,36.74467850869553,DIR-825-4f83,80:26:89:0d:4f:84,model=Lenovo,-74
Fri Dec 01 10:46:00 IST 2017,,34.81333866873062,32.172405297725334,35.33871276392167,HOTBOX-1A14,00:07:26:4f:07:ae,PB2-690Y_device=PB2PRO,-91
Fri Dec 01 10:46:00 IST 2017,,34.81365654,32.17232792,42.0,dobry2016_5,6c:b0:ce:ac:32:9c,model=SM-G950F_device=dreamlte,-89
Fri Dec 01 10:46:00 IST 2017,,34.813117385343396,32.17208376762239,36.74467850869553,DIR-825-4f83,80:26:89:0d:4f:84,model=Lenovo,-88
Fri Dec 01 10:46:00 IST 2017,,34.81382193547652,32.17232205730656,37.41697240587233,Orit,c4:a8:1d:12:7d:4c,PB2-690Y_device=PB2PRO,-80
Fri Dec 01 10:46:00 IST 2017,,34.813117385343396,32.17208376762239,36.74467850869553,DIR-825-4f83,80:26:89:0d:4f:84,model=Lenovo,-85
Fri Dec 01 10:46:00 IST 2017,,34.814366351753556,32.17226197446892,32.141014502706994,love,14:ae:db:58:73:75,PB2-690Y_device=PB2PRO,-70
Fri Dec 01 10:49:00 IST 2017,,34.81446402,32.17218268,13.650408889999998,Efrat,40:65:a3:35:4c:c4,model=SM-G950F_device=dreamlte,-75
Fri Dec 01 10:49:00 IST 2017,,34.8144483,32.17220926,15.37643594,Volvo247,08:97:58:32:69:c6,model=Lenovo,-81
Fri Dec 01 10:49:00 IST 2017,,34.81440381,32.17228106,51.0,Zvi_2.4,10:5a:f7:0f:d5:32,PB2-690Y_device=PB2PRO,-91
Fri Dec 01 10:49:00 IST 2017,,34.814366351753556,32.17226197446892,32.141014502706994,love,14:ae:db:58:73:75,model=SM-G950F_device=dreamlte,-78
Fri Dec 01 10:49:00 IST 2017,,34.81413625,32.17227827,45.0,BezeqFree,62:ee:0c:3d:eb:b9,model=Lenovo,-88
Fri Dec 01 10:49:00 IST 2017,,34.8140369,32.17228483,30.59005383,Chakir,00:12:2a:35:c8:7c,PB2-690Y_device=PB2PRO,-86
Fri Dec 01 10:49:00 IST 2017,,34.81382193547652,32.17232205730656,37.41697240587233,Orit,c4:a8:1d:12:7d:4c,model=SM-G950F_device=dreamlte,-69
Fri Dec 01 10:49:00 IST 2017,,34.813693684730715,32.17235659526282,37.75858536848347,Lahav,b0:b2:8f:01:ad:fe,model=Lenovo,-73
Fri Dec 01 10:49:00 IST 2017,,34.813345157307,32.17238667590665,40.19390185113106,Mevohot_1,20:0c:c8:1b:a2:48,PB2-690Y_device=PB2PRO,-70
Fri Dec 01 10:50:00 IST 2017,,34.813117385343396,32.17208376762239,36.74467850869553,DIR-825-4f83,80:26:89:0d:4f:84,model=SM-G950F_device=dreamlte,-71
Fri Dec 01 10:50:00 IST 2017,,34.813117385343396,32.17208376762239,36.74467850869553,DIR-825-4f83,80:26:89:0d:4f:84,model=Lenovo,-68
Fri Dec 01 10:50:00 IST 2017,,34.813010274038064,32.172446161073495,38.08967940854689,DIRECT-CC-HPDeskJet4670series,70:5a:0f:b2:64:cd,PB2-690Y_device=PB2PRO,-80
Fri Dec 01 10:50:00 IST 2017,,34.812481383334315,32.17251481710375,34.821089098470445,NIPPON_3687,08:97:58:32:d2:98,model=SM-G950F_device=dreamlte,-88
Fri Dec 01 10:50:00 IST 2017,,34.813010274038064,32.172446161073495,38.08967940854689,DIRECT-CC-HPDeskJet4670series,70:5a:0f:b2:64:cd,model=Lenovo,-75
Fri Dec 01 10:50:00 IST 2017,,34.812481383334315,32.17251481710375,34.821089098470445,NIPPON_3687,08:97:58:32:d2:98,PB2-690Y_device=PB2PRO,-80
Fri Dec 01 10:50:00 IST 2017,,34.81242662,32.17253375,42.0,DIRECT-74-HPDeskJet4670series,3c:52:82:af:42:75,model=SM-G950F_device=dreamlte,-59
Fri Dec 01 10:50:00 IST 2017,,34.812012775001214,32.172112748261775,38.149036302524706,varda,c4:12:f5:85:27:c2,model=Lenovo,-86
Fri Dec 01 10:50:00 IST 2017,,34.812481383334315,32.17251481710375,34.821089098470445,NIPPON_3687,08:97:58:32:d2:98,PB2-690Y_device=PB2PRO,-79
Fri Dec 01 10:50:00 IST 2017,,34.812081943829455,32.172414896155125,36.53985057918784,urigil1,a0:ab:1b:5d:c2:60,model=Lenovo,-97
Fri Dec 01 10:50:00 IST 2017,,34.812026396633094,32.172230939623624,30.37137415911496,Helen.,a0:ab:1b:57:cd:42,PB2-690Y_device=PB2PRO,-74
Fri Dec 01 10:50:00 IST 2017,,34.812012775001214,32.172112748261775,38.149036302524706,varda,c4:12:f5:85:27:c2,model=SM-G950F_device=dreamlte,-83
Fri Dec 01 10:50:00 IST 2017,,34.81187369,32.17190615,37.0,ShaniGreen,54:b8:0a:34:68:90,model=Lenovo,-89
Fri Dec 01 10:50:00 IST 2017,,34.81184734608824,32.17178820841816,39.6583715086038,BenAmi_2.4,c4:04:15:60:6a:b5,PB2-690Y_device=PB2PRO,-73
Fri Dec 01 10:50:00 IST 2017,,34.812012775001214,32.172112748261775,38.149036302524706,varda,c4:12:f5:85:27:c2,model=SM-G950F_device=dreamlte,-88
Fri Dec 01 10:50:00 IST 2017,,34.81168874,32.17135803,31.09052557,ronkla2_5,3c:1e:04:07:2a:ff,model=Lenovo,-85
Fri Dec 01 10:50:00 IST 2017,,34.812311247512675,32.1712868794653,33.30888583875395,mayasalon,c4:a8:1d:12:df:c5,PB2-690Y_device=PB2PRO,-89
Fri Dec 01 10:50:00 IST 2017,,34.81165122721805,32.171263825408204,30.320091311172845,mika1,c4:12:f5:fb:c0:3e,model=Lenovo,-77
Fri Dec 01 10:50:00 IST 2017,,34.81133787512496,32.170716387745514,31.262891871305225,Gana7_2GExt,64:d9:54:e4:95:37,PB2-690Y_device=PB2PRO,-90
Fri Dec 01 10:50:00 IST 2017,,34.81133787512496,32.170716387745514,31.262891871305225,Gana7_2GExt,64:d9:54:e4:95:37,model=SM-G950F_device=dreamlte,-88
Fri Dec 01 10:50:00 IST 2017,,34.81117905271656,32.17043615433227,31.985452880865623,shlomi,d8:5d:4c:d9:c4:68,model=Lenovo,-82
Fri Dec 01 10:50:00 IST 2017,,34.811234822415386,32.17052779277119,35.3253518149812,Guymic,14:ae:db:b7:99:2d,PB2-690Y_device=PB2PRO,-78
Fri Dec 01 10:50:00 IST 2017,,34.81109444085028,32.17022110615157,34.586808293426984,stephane,00:24:2b:cf:13:21,model=Lenovo,-82
Fri Dec 01 10:50:00 IST 2017,,34.81117905271656,32.17043615433227,31.985452880865623,shlomi,d8:5d:4c:d9:c4:68,PB2-690Y_device=PB2PRO,-77
Fri Dec 01 10:50:00 IST 2017,,34.811034593925235,32.170149191121496,35.39146212461059,devolo-0f4,30:d3:2d:37:20:f4,model=Lenovo,-80
Fri Dec 01 10:50:00 IST 2017,,34.81094348,32.1699948,29.0,Eric2.4,c4:a8:1d:13:2a:95,PB2-690Y_device=PB2PRO,-87
Fri Dec 01 10:50:00 IST 2017,,34.81091863896086,32.16988572365836,33.84665101691103,Neeman2.4,20:0c:c8:1d:c8:2b,model=SM-G950F_device=dreamlte,-78
Fri Dec 01 10:51:00 IST 2017,,34.81088834,32.16983611,28.0,oved-main_2EX,74:da:38:97:66:9d,model=Lenovo,-77
Fri Dec 01 10:51:00 IST 2017,,34.810811400954954,32.16961472513236,28.56655395303611,oved-main,74:da:39:54:b8:1d,PB2-690Y_device=PB2PRO,-83
Fri Dec 01 10:51:00 IST 2017,,34.81083489,32.16970224,27.0,Li,c0:ac:54:f8:6b:28,model=Lenovo,-80
Fri Dec 01 10:51:00 IST 2017,,34.81078619,32.16957488,23.0,Ronizyc1,48:ee:0c:39:f9:15,PB2-690Y_device=PB2PRO,-92
Fri Dec 01 10:51:00 IST 2017,,34.81076873796656,32.16947598662316,35.05179305270807,Lili,c4:12:f5:f9:5c:7c,model=Lenovo,-86
Fri Dec 01 10:51:00 IST 2017,,34.81076003,32.16948516,23.0,BezeqFree,62:ee:0c:39:f9:16,PB2-690Y_device=PB2PRO,-84
Fri Dec 01 10:51:00 IST 2017,,34.810738661662675,32.16939957888298,27.10473649169773,dlink-A09C,ac:f1:df:76:a0:9c,model=SM-G950F_device=dreamlte,-91
Fri Dec 01 10:51:00 IST 2017,,34.810738661662675,32.16939957888298,27.10473649169773,dlink-A09C,ac:f1:df:76:a0:9c,model=SM-G950F_device=dreamlte,-94
Fri Dec 01 10:51:00 IST 2017,,34.81071870515259,32.16937085614105,30.408069243700115,edimax_5G_A9241C,74:da:38:a9:24:1c,model=Lenovo,-82
Fri Dec 01 10:51:00 IST 2017,,34.81072683,32.16937301,27.0,forestisthebest,c8:d7:19:d4:7c:73,PB2-690Y_device=PB2PRO,-93
Fri Dec 01 10:51:00 IST 2017,,34.81072496,32.16935941,30.01413247888562,spielman,7c:b7:33:2b:c4:52,model=SM-G950F_device=dreamlte,-81
Fri Dec 01 10:51:00 IST 2017,,34.81064193368,32.16916727728,35.538429025279996,forestisthebest,c8:d7:19:da:03:16,model=Lenovo,-54
Fri Dec 01 10:51:00 IST 2017,,34.81071870515259,32.16937085614105,30.408069243700115,edimax_5G_A9241C,74:da:38:a9:24:1c,PB2-690Y_device=PB2PRO,-84
Fri Dec 01 10:51:00 IST 2017,,34.81072496,32.16935941,29.898253124895344,evanson,7c:03:4c:fe:f6:68,model=SM-G950F_device=dreamlte,-93
Fri Dec 01 10:52:00 IST 2017,,34.81070436,32.16936666,31.0,forestisthebest-guest,c8:d7:19:d4:7c:75,model=SM-G950F_device=dreamlte,-94
Fri Dec 01 10:52:00 IST 2017,,34.81071870515259,32.16937085614105,30.408069243700115,edimax_5G_A9241C,74:da:38:a9:24:1c,model=Lenovo,-79
Fri Dec 01 10:53:00 IST 2017,,34.81072496,32.16935941,29.689306208958904,KaymeraDev,00:f6:63:15:58:81,PB2-690Y_device=PB2PRO,-84
Fri Dec 01 10:53:00 IST 2017,,34.81072496,32.16935941,29.689306208958904,KaymeraDev,00:f6:63:15:58:81,model=SM-G950F_device=dreamlte,-78
Fri Dec 01 10:53:00 IST 2017,,34.81072496,32.16935941,30.01413247888562,spielman,7c:b7:33:2b:c4:52,model=Lenovo,-73
Fri Dec 01 10:54:00 IST 2017,,34.81072496,32.16935941,29.898253124895344,evanson,7c:03:4c:fe:f6:68,PB2-690Y_device=PB2PRO,-80
Fri Dec 01 10:54:00 IST 2017,,34.81069492849091,32.16931426903848,33.97025437511504,BezeqNGN_001489_2.4GHz_1,c0:a0:bb:cb:59:5b,model=SM-G950F_device=dreamlte,-68
Fri Dec 01 10:54:00 IST 2017,,34.810811400954954,32.16961472513236,28.56655395303611,oved-main,74:da:39:54:b8:1d,model=Lenovo,-64
Fri Dec 01 10:55:00 IST 2017,,34.81068889,32.16935676,29.0,BezeqFree,62:be:f5:40:26:83,PB2-690Y_device=PB2PRO,-96
Fri Dec 01 10:55:00 IST 2017,,34.81066982,32.16923806,25.0,Home,34:36:3b:c2:be:b8,model=SM-G950F_device=dreamlte,-91
Fri Dec 01 10:55:00 IST 2017,,34.81068175,32.16921231,28.886321210000002,spielman,f4:f2:6d:34:56:54,model=Lenovo,-77
Fri Dec 01 10:55:00 IST 2017,,34.81066503,32.16917019,28.81036798,Jamcanup,74:da:38:c3:0d:6b,PB2-690Y_device=PB2PRO,-87
Fri Dec 01 10:55:00 IST 2017,,34.81066503,32.16917019,28.77355504,edimax_2.4G_ruty,74:da:38:d3:bb:81,model=SM-G950F_device=dreamlte,-80
Fri Dec 01 10:56:00 IST 2017,,34.81065234,32.16916884,31.0,Home,10:be:f5:40:26:82,model=Lenovo,-89
Fri Dec 01 10:56:00 IST 2017,,34.81057719797345,32.16896946683166,34.084804406157325,OberynMartell,18:d6:c7:fb:1c:0e,PB2-690Y_device=PB2PRO,-89
Fri Dec 01 10:56:00 IST 2017,,34.81061952,32.16901232,28.06850525,HP-Print-C1-Deskjet4640series,28:80:23:f6:e0:c1,model=SM-G950F_device=dreamlte,-81
Fri Dec 01 10:56:00 IST 2017,,34.810599893644785,32.16885466674291,25.21295586081863,simon,e4:6f:13:73:0a:c2,model=Lenovo,-90
Fri Dec 01 10:56:00 IST 2017,,34.81057059,32.16888141,27.56438271,iFOREX,f8:d1:11:b1:92:93,PB2-690Y_device=PB2PRO,-91
Fri Dec 01 10:57:00 IST 2017,,34.8105797,32.16884222,31.0,DIRECT-a8-HPM477LaserJet,aa:6b:ad:04:c6:a8,model=Lenovo,-94
Fri Dec 01 10:57:00 IST 2017,,34.8121285943714,32.17000964010358,32.13853079075498,Candan,c0:ff:d4:7b:82:30,PB2-690Y_device=PB2PRO,-89
Fri Dec 01 10:57:00 IST 2017,,34.81066791,32.16876228,31.0,Levy,f8:ab:05:46:de:55,model=SM-G950F_device=dreamlte,-85
Fri Dec 01 10:57:00 IST 2017,,34.81142130774598,32.168800600402065,27.345797192825337,LRWN,ec:8c:a2:09:dd:48,model=Lenovo,-91
Fri Dec 01 10:57:00 IST 2017,,34.8112991,32.16875525,26.895184619999995,HOTBOX111,c0:ac:54:f6:ae:5e,PB2-690Y_device=PB2PRO,-77
Fri Dec 01 10:57:00 IST 2017,,34.81142130774598,32.168800600402065,27.345797192825337,LRWN,ec:8c:a2:09:dd:48,model=Lenovo,-86
Fri Dec 01 10:57:00 IST 2017,,34.81142130774598,32.168800600402065,27.345797192825337,LRWN,ec:8c:a2:09:dd:48,PB2-690Y_device=PB2PRO,-74
Fri Dec 01 10:57:00 IST 2017,,34.81142130774598,32.168800600402065,27.345797192825337,LRWN,ec:8c:a2:09:dd:48,model=SM-G950F_device=dreamlte,-59
Fri Dec 01 10:57:00 IST 2017,,34.811431718218316,32.1688052392618,35.40337896527467,LRWN,0c:f4:d5:29:a2:9c,model=SM-G950F_device=dreamlte,-68
Fri Dec 01 10:57:00 IST 2017,,34.812132632441504,32.16951773770963,27.6141847251631,HOTBOX-8156,b4:ee:b4:a7:81:5c,model=SM-G950F_device=dreamlte,-89
Fri Dec 01 10:57:00 IST 2017,,34.81201045,32.16927107,27.21999505,Fuck,16:ae:db:c1:ae:55,model=Lenovo,-79
Fri Dec 01 10:57:00 IST 2017,,34.81208526,32.16943683,27.28688923,Off,20:0c:c8:0f:21:93,PB2-690Y_device=PB2PRO,-90
Fri Dec 01 10:57:00 IST 2017,,34.81245844110614,32.16958247747079,30.970480454753726,Yourself,20:0c:c8:2b:2a:14,model=SM-G950F_device=dreamlte,-67
Fri Dec 01 10:57:00 IST 2017,,34.81242013491674,32.16969940149049,28.686661072801808,ELCHARAR_2.4,80:1f:02:36:04:d0,model=Lenovo,-67
Fri Dec 01 10:57:00 IST 2017,,34.81245844110614,32.16958247747079,30.970480454753726,nina,20:0c:c8:2b:2a:14,PB2-690Y_device=PB2PRO,-91
Fri Dec 01 10:57:00 IST 2017,,34.81340832,32.16957209,27.261501679999995,arama,00:30:4f:91:36:07,model=SM-G950F_device=dreamlte,-71
Fri Dec 01 10:57:00 IST 2017,,34.81343376,32.1696487,35.0,nina,00:30:4f:91:38:b3,model=Lenovo,-73
Fri Dec 01 10:57:00 IST 2017,,34.8121285943714,32.17000964010358,32.13853079075498,hilda,c0:ff:d4:7b:82:30,PB2-690Y_device=PB2PRO,-89
Fri Dec 01 10:57:00 IST 2017,,34.81346387,32.16981779,35.0,hilda,48:ee:0c:3b:ac:5a,model=SM-G950F_device=dreamlte,-75
Fri Dec 01 10:58:00 IST 2017,,34.81351135,32.17004926,36.0,Candan,d0:d4:12:64:05:12,model=SM-G950F_device=dreamlte,-80
Fri Dec 01 10:58:00 IST 2017,,34.81351418,32.17010133,29.07004588,kawasaki,00:24:01:18:99:57,model=Lenovo,-67
Fri Dec 01 10:58:00 IST 2017,,34.81353649,32.17021581,37.0,shmulik,28:f3:66:9d:dc:cb,PB2-690Y_device=PB2PRO,-84
Fri Dec 01 10:58:00 IST 2017,,34.81353708,32.17025407,29.46734906,dlink,00:21:04:e7:95:da,model=SM-G950F_device=dreamlte,-74
Fri Dec 01 10:58:00 IST 2017,,34.8135732437931,32.17034531793103,32.66218226427586,Pantum-AP-9DDCCB,e8:cc:18:ac:1a:52,model=Lenovo,-72
Fri Dec 01 10:58:00 IST 2017,,34.81357389852901,32.17048479409182,33.29889882185954,orange,18:1e:78:86:03:15,PB2-690Y_device=PB2PRO,-76
Fri Dec 01 10:58:00 IST 2017,,34.81357389852901,32.17048479409182,33.29889882185954,Daizad,18:1e:78:86:03:15,model=SM-G950F_device=dreamlte,-61
Fri Dec 01 10:58:00 IST 2017,,34.813598973926666,32.17063462426478,37.51243438481479,HOTBOX-F028,c0:ac:54:f8:6c:8a,model=Lenovo,-85
Fri Dec 01 10:58:00 IST 2017,,34.81362514,32.17076265,40.0,HOTBOX-F028,c0:ac:54:f7:42:60,PB2-690Y_device=PB2PRO,-82
Fri Dec 01 10:58:00 IST 2017,,34.81364373360803,32.17089628224773,33.50600168115112,amnon,c4:12:f5:f4:82:42,model=SM-G950F_device=dreamlte,-82
Fri Dec 01 10:58:00 IST 2017,,34.81364373360803,32.17089628224773,33.50600168115112,HOTBOX,c4:12:f5:f4:82:42,model=Lenovo,-80
Fri Dec 01 10:58:00 IST 2017,,34.81362986,32.17098715,28.81880765,Beni,c0:ac:54:f7:3c:c2,PB2-690Y_device=PB2PRO,-87
Fri Dec 01 10:58:00 IST 2017,,34.81352307,32.1710485,40.0,Beni,04:a1:51:e0:5f:ee,model=Lenovo,-81
Fri Dec 01 10:58:00 IST 2017,,34.813441064957566,32.17107705073018,36.29088536433627,HOTBOX111,fc:75:16:2e:5a:47,PB2-690Y_device=PB2PRO,-77
Fri Dec 01 10:58:00 IST 2017,,34.81332368605815,32.1710658366787,34.999274355382965,MNP_HOME_2.4GHz_1,d8:5d:4c:d1:4d:b0,model=SM-G950F_device=dreamlte,-75
Fri Dec 01 10:58:00 IST 2017,,34.81332368605815,32.1710658366787,34.999274355382965,My_Internet,d8:5d:4c:d1:4d:b0,model=Lenovo,-68
Fri Dec 01 10:58:00 IST 2017,,34.81310120173702,32.171093508664356,34.14376640801038,Yotam,a0:4f:d4:45:1f:a1,PB2-690Y_device=PB2PRO,-74
Fri Dec 01 10:58:00 IST 2017,,34.81310120173702,32.171093508664356,34.14376640801038,_,a0:4f:d4:45:1f:a1,model=SM-G950F_device=dreamlte,-78
Fri Dec 01 10:58:00 IST 2017,,34.81293682,32.17110218,39.0,work,14:ae:db:b7:ab:ad,model=Lenovo,-85
Fri Dec 01 10:58:00 IST 2017,,34.813117385343396,32.17208376762239,36.74467850869553,_,80:26:89:0d:4f:84,PB2-690Y_device=PB2PRO,-86
Fri Dec 01 10:58:00 IST 2017,,34.81278702743263,32.17093157329206,35.098080439275314,room,28:80:23:40:5f:af,model=SM-G950F_device=dreamlte,-78
Fri Dec 01 10:58:00 IST 2017,,34.8128554262013,32.17143645030123,38.58572276052996,Yotam,14:cc:20:76:b8:2a,model=Lenovo,-70
Fri Dec 01 10:58:00 IST 2017,,34.812829849243556,32.171336618707365,33.33753075362183,_,00:12:2a:e1:6c:48,PB2-690Y_device=PB2PRO,-69
Fri Dec 01 10:58:00 IST 2017,,34.812604630186485,32.170673816282374,33.00980472385518,work,00:0b:6c:4d:1b:3f,model=SM-G950F_device=dreamlte,-75
Fri Dec 01 10:58:00 IST 2017,,34.812604630186485,32.170673816282374,33.00980472385518,_,00:0b:6c:4d:1b:3f,model=SM-G950F_device=dreamlte,-69
Fri Dec 01 10:58:00 IST 2017,,34.81250249145967,32.17021474376268,34.080906625702134,room,d4:6e:0e:3c:44:e1,model=Lenovo,-83
Fri Dec 01 10:58:00 IST 2017,,34.81274376,32.17027834,40.0,nurit,74:da:38:c6:57:9b,PB2-690Y_device=PB2PRO,-71
Fri Dec 01 10:58:00 IST 2017,,34.81263388134254,32.17023500683574,29.400103861764514,nurit,e8:94:f6:e2:6e:4b,model=SM-G950F_device=dreamlte,-71
Fri Dec 01 10:59:00 IST 2017,,34.81269163800742,32.17024638126655,33.22714033934763,44870715,70:4d:7b:0c:89:50,model=Lenovo,-88
Fri Dec 01 10:59:00 IST 2017,,34.8135732437931,32.17034531793103,32.66218226427586,DIR-825-4f83,e8:cc:18:ac:1a:52,PB2-690Y_device=PB2PRO,-81
Fri Dec 01 10:59:00 IST 2017,,34.81360831,32.17050413,29.49532063,HP-Print-AF-Officejet,b0:b2:8f:36:a2:b3,model=Lenovo,-91
Fri Dec 01 10:59:00 IST 2017,,34.813598973926666,32.17063462426478,37.51243438481479,Pro,c0:ac:54:f8:6c:8a,PB2-690Y_device=PB2PRO,-78
Fri Dec 01 10:59:00 IST 2017,,34.81364373360803,32.17089628224773,33.50600168115112,6830,c4:12:f5:f4:82:42,model=SM-G950F_device=dreamlte,-71
Fri Dec 01 10:59:00 IST 2017,,34.81359455,32.17103853,43.0,Oded,a8:c8:3a:35:b6:d4,model=SM-G950F_device=dreamlte,-92
Fri Dec 01 10:59:00 IST 2017,,34.813441064957566,32.17107705073018,36.29088536433627,Oded,fc:75:16:2e:5a:47,model=SM-G950F_device=dreamlte,-81
Fri Dec 01 10:59:00 IST 2017,,34.8131110568187,32.17119562744008,27.73321095199865,2.4Ghz,f8:ab:05:e9:6d:3d,model=SM-G950F_device=dreamlte,-78
Fri Dec 01 10:59:00 IST 2017,,34.81313135,32.17109229,41.0,UFI_UF230_B3F,90:8d:78:54:22:a1,model=SM-G950F_device=dreamlte,-78
Fri Dec 01 10:59:00 IST 2017,,34.81295,32.17110715,41.0,UFI_UF230_B3F,14:cc:20:09:3c:b9,model=SM-G950F_device=dreamlte,-83
Fri Dec 01 10:59:00 IST 2017,,34.813117385343396,32.17208376762239,36.74467850869553,SIEMENS_LivingRoom,80:26:89:0d:4f:84,model=Lenovo,-91
Fri Dec 01 10:59:00 IST 2017,,34.81275919,32.17092411,29.9988896,edimax.setup,cc:b2:55:67:2b:85,PB2-690Y_device=PB2PRO,-90
Fri Dec 01 10:59:00 IST 2017,,34.81273257138688,32.17086131107213,37.55114754098361,frank,a4:2b:b0:d4:55:36,model=Lenovo,-82
Fri Dec 01 10:59:00 IST 2017,,34.8124744,32.1703328,40.0,ter123,00:14:bf:42:7e:96,PB2-690Y_device=PB2PRO,-88
Fri Dec 01 10:59:00 IST 2017,,34.81269163800742,32.17024638126655,33.22714033934763,Daizad,70:4d:7b:0c:89:50,model=SM-G950F_device=dreamlte,-83
Fri Dec 01 10:59:00 IST 2017,,34.81250249145967,32.17021474376268,34.080906625702134,yotam17,d4:6e:0e:3c:44:e1,model=SM-G950F_device=dreamlte,-77
Fri Dec 01 10:59:00 IST 2017,,34.81239243,32.17009177,30.961174800000002,amnon,5a:ab:1b:62:0d:fd,model=SM-G950F_device=dreamlte,-85
Fri Dec 01 10:59:00 IST 2017,,34.81226934,32.16992123,40.0,Beni,d4:7b:b0:79:65:fc,model=Lenovo,-89
Fri Dec 01 10:59:00 IST 2017,,34.81217399,32.16969314,40.0,Partner-4G-B6D4,94:57:a5:4b:4f:41,PB2-690Y_device=PB2PRO,-77
Fri Dec 01 10:59:00 IST 2017,,34.81245844110614,32.16958247747079,30.970480454753726,My_Internet,20:0c:c8:2b:2a:14,model=Lenovo,-76
Fri Dec 01 10:59:00 IST 2017,,34.812604630186485,32.170673816282374,33.00980472385518,yotam17,00:0b:6c:4d:1b:3f,PB2-690Y_device=PB2PRO,-88
Fri Dec 01 10:59:00 IST 2017,,34.81201901095606,32.16930034169236,38.66654486168466,tal2,82:2a:a8:bf:94:29,model=SM-G950F_device=dreamlte,-70
Fri Dec 01 10:59:00 IST 2017,,34.8119993,32.16921658,30.24608018,sirocco_2.4o,00:30:4f:82:7b:30,model=Lenovo,-89
Fri Dec 01 10:59:00 IST 2017,,34.8121285943714,32.17000964010358,32.13853079075498,DIR-825-4f83,c0:ff:d4:7b:82:30,PB2-690Y_device=PB2PRO,-86
Fri Dec 01 10:59:00 IST 2017,,34.81191818,32.16902759,29.88889813,claire,54:64:d9:5f:59:83,model=SM-G950F_device=dreamlte,-77
Fri Dec 01 11:00:00 IST 2017,,34.812105564603925,32.16943411538548,36.61713929573076,Motti11,f8:d1:11:b8:3b:7e,model=LenovoPB2-690Y_device=PB2PRO,-86
Fri Dec 01 11:00:00 IST 2017,,34.811431718218316,32.1688052392618,35.40337896527467,hot,0c:f4:d5:29:a2:9c,model=SM-G950F_device=dreamlte,-72
Fri Dec 01 11:00:00 IST 2017,,34.81190459,32.16902986,33.0,ter123,14:cc:20:da:ab:9a,model=LenovoPB2-690Y_device=PB2PRO,-77
Fri Dec 01 11:00:00 IST 2017,,34.81209986,32.16942426,36.0,SIEMENS_LivingRoom,82:2a:a8:bf:93:e5,model=SM-G950F_device=dreamlte,-85
Fri Dec 01 11:00:00 IST 2017,,34.81245844110614,32.16958247747079,30.970480454753726,BezeqFree,20:0c:c8:2b:2a:14,model=SM-G950F_device=dreamlte,-71
Fri Dec 01 11:00:00 IST 2017,,34.81230905,32.169817,29.98143137,landau,74:da:38:14:4b:88,model=SM-G950F_device=dreamlte,-86
Fri Dec 01 11:00:00 IST 2017,,34.812105564603925,32.16943411538548,36.61713929573076,DIRECT-1C-HP,f8:d1:11:b8:3b:7e,model=SM-G950F_device=dreamlte,-93
Fri Dec 01 11:00:00 IST 2017,,34.81264776673432,32.170614779602865,28.856246571575973,DeskJet,a0:ab:1b:62:0d:fc,model=Lenovo,-83
Fri Dec 01 11:00:00 IST 2017,,34.812568406839986,32.17049616508933,35.32006748280486,3830,d0:d4:12:5e:db:f2,PB2-690Y_device=PB2PRO,-82
Fri Dec 01 11:00:00 IST 2017,,34.81263388134254,32.17023500683574,29.400103861764514,series,e8:94:f6:e2:6e:4b,model=SM-G950F_device=dreamlte,-65
Fri Dec 01 11:00:00 IST 2017,,34.81269163800742,32.17024638126655,33.22714033934763,nina,70:4d:7b:0c:89:50,model=SM-G950F_device=dreamlte,-75
Fri Dec 01 11:00:00 IST 2017,,34.81259485,32.17053537,37.0,UFI_UF230_B3F,c4:04:15:64:e8:cc,model=SM-G950F_device=dreamlte,-77
Fri Dec 01 11:00:00 IST 2017,,34.812604630186485,32.170673816282374,33.00980472385518,Home,00:0b:6c:4d:1b:3f,model=SM-G950F_device=dreamlte,-70
Fri Dec 01 11:00:00 IST 2017,,34.81271372538758,32.17076270771375,38.93982017238009,WR,14:cc:20:76:c0:8e,model=Lenovo,-85
Fri Dec 01 11:00:00 IST 2017,,34.81276766,32.17081209,28.92440372,Candan,4c:60:de:51:8b:ca,PB2-690Y_device=PB2PRO,-89
Fri Dec 01 11:00:00 IST 2017,,34.81278702743263,32.17093157329206,35.098080439275314,HOTBOX-651B,28:80:23:40:5f:af,model=Lenovo,-70
Fri Dec 01 11:00:00 IST 2017,,34.81273257138688,32.17086131107213,37.55114754098361,Mehta_Up,a4:2b:b0:d4:55:36,PB2-690Y_device=PB2PRO,-74
Fri Dec 01 11:00:00 IST 2017,,34.812568406839986,32.17049616508933,35.32006748280486,LRWN,d0:d4:12:5e:db:f2,model=SM-G950F_device=dreamlte,-93
Fri Dec 01 11:00:00 IST 2017,,34.81295222550321,32.17178432683929,30.622317270252754,Fuck,00:12:2a:e1:6c:4c,model=SM-G950F_device=dreamlte,-89
Fri Dec 01 11:01:00 IST 2017,,34.8128554262013,32.17143645030123,38.58572276052996,Off,14:cc:20:76:b8:2a,model=Lenovo,-87
Fri Dec 01 11:01:00 IST 2017,,34.813117385343396,32.17208376762239,36.74467850869553,Home,80:26:89:0d:4f:84,PB2-690Y_device=PB2PRO,-84
Fri Dec 01 11:01:00 IST 2017,,34.813117385343396,32.17208376762239,36.74467850869553,nina,80:26:89:0d:4f:84,model=SM-G950F_device=dreamlte,-78
Fri Dec 01 11:01:00 IST 2017,,34.813117385343396,32.17208376762239,36.74467850869553,landau,80:26:89:0d:4f:84,model=Lenovo,-76
Fri Dec 01 11:01:00 IST 2017,,34.813117385343396,32.17208376762239,36.74467850869553,Mehta_Up,80:26:89:0d:4f:84,PB2-690Y_device=PB2PRO,-70
Fri Dec 01 11:01:00 IST 2017,,34.813117385343396,32.17208376762239,36.74467850869553,klaiman,80:26:89:0d:4f:84,model=Lenovo,-70
Fri Dec 01 11:01:00 IST 2017,,34.813586407435764,32.17236621951538,41.62609770376634,Siemens,a4:2b:b0:ad:2d:34,PB2-690Y_device=PB2PRO,-82
Fri Dec 01 11:01:00 IST 2017,,34.81365607457001,32.17236066945361,30.374179752400053,frank,52:b0:ce:ac:32:98,model=SM-G950F_device=dreamlte,-67
Fri Dec 01 11:01:00 IST 2017,,34.81336990029565,32.17239627107894,33.515282987234094,ter123,d8:fb:5e:17:47:f8,model=Lenovo,-89
Fri Dec 01 11:01:00 IST 2017,,34.81382193547652,32.17232205730656,37.41697240587233,Gillad-1_2.4,c4:a8:1d:12:7d:4c,PB2-690Y_device=PB2PRO,-66
Fri Dec 01 11:01:00 IST 2017,,34.814366351753556,32.17226197446892,32.141014502706994,UFI_UF230_B3F,14:ae:db:58:73:75,model=SM-G950F_device=dreamlte,-58
Fri Dec 01 11:03:00 IST 2017,,34.81443004,32.17223176,45.0,TP-LINK_76C08E,14:9d:09:80:00:f1,model=Lenovo,-85
Fri Dec 01 11:04:00 IST 2017,,34.81427982903954,32.17223818929857,48.622457136696845,Laufer-wifi,06:ae:db:58:73:75,PB2-690Y_device=PB2PRO,-74
Fri Dec 01 11:04:00 IST 2017,,34.81427982903954,32.17223818929857,48.622457136696845,HP-Print-AF-Officejet,06:ae:db:58:73:75,model=SM-G950F_device=dreamlte,-57
Fri Dec 01 11:04:00 IST 2017,,34.81388258,32.17232954,48.0,Pro,f4:f2:6d:af:45:26,model=Lenovo,-93
Fri Dec 01 11:04:00 IST 2017,,34.81390382,32.17230692,46.7222322,6830,fc:b4:e6:d2:86:9e,PB2-690Y_device=PB2PRO,-81
Fri Dec 01 11:04:00 IST 2017,,34.81382193547652,32.17232205730656,37.41697240587233,Motti11,c4:a8:1d:12:7d:4c,model=SM-G950F_device=dreamlte,-93
Fri Dec 01 11:04:00 IST 2017,,34.81336990029565,32.17239627107894,33.515282987234094,Siemens,d8:fb:5e:17:47:f8,model=Lenovo,-90
Fri Dec 01 11:04:00 IST 2017,,34.813010274038064,32.172446161073495,38.08967940854689,Oded,70:5a:0f:b2:64:cd,PB2-690Y_device=PB2PRO,-67
Fri Dec 01 11:04:00 IST 2017,,34.812384509796765,32.17255562967106,45.63922479263982,5Ghz,00:78:9e:f9:f5:5b,model=SM-G950F_device=dreamlte,-81
Fri Dec 01 11:04:00 IST 2017,,34.81192039732568,32.17196516038125,43.02997919131326,Oded,80:1f:02:a3:7d:62,model=Lenovo,-83
Fri Dec 01 11:04:00 IST 2017,,34.81129461449425,32.17064915418148,27.775458859854766,DIR-825-4f83,14:ae:db:32:d5:c2,PB2-690Y_device=PB2PRO,-92
Fri Dec 01 11:04:00 IST 2017,,34.81206366,32.17244369,42.9234122,DIR-825-4f83,88:dc:96:3b:f5:e0,model=SM-G950F_device=dreamlte,-87
Fri Dec 01 11:04:00 IST 2017,,34.812012775001214,32.172112748261775,38.149036302524706,DIR-825-4f83,c4:12:f5:85:27:c2,model=Lenovo,-80
Fri Dec 01 11:04:00 IST 2017,,34.8119037430026,32.17193606680359,31.52103164046283,DIR-825-4f83,8c:59:c3:ea:db:4a,PB2-690Y_device=PB2PRO,-88
Fri Dec 01 11:05:00 IST 2017,,34.81183742,32.17177366,41.75368558,DIR-825-4f83,8c:59:c3:ea:db:4b,model=SM-G950F_device=dreamlte,-91
Fri Dec 01 11:05:00 IST 2017,,34.81170468228661,32.17147856130616,34.0239469288725,lellouche,08:97:58:31:e0:c6,model=Lenovo,-87
Fri Dec 01 11:05:00 IST 2017,,34.81170468228661,32.17147856130616,34.0239469288725,Bezeq,08:97:58:31:e0:c6,PB2-690Y_device=PB2PRO,-85
Fri Dec 01 11:05:00 IST 2017,,34.81170468228661,32.17147856130616,34.0239469288725,Free,08:97:58:31:e0:c6,model=SM-G950F_device=dreamlte,-78
Fri Dec 01 11:05:00 IST 2017,,34.81166865,32.17134388,41.11423605,GA32E3,6c:2e:85:fe:da:b8,model=Lenovo,-75
Fri Dec 01 11:05:00 IST 2017,,34.81125367,32.17063751,31.0,sellahome,c4:12:f5:82:92:78,PB2-690Y_device=PB2PRO,-96
Fri Dec 01 11:05:00 IST 2017,,34.81117905271656,32.17043615433227,31.985452880865623,Orit,d8:5d:4c:d9:c4:68,model=SM-G950F_device=dreamlte,-65
Fri Dec 01 11:05:00 IST 2017,,34.81109444085028,32.17022110615157,34.586808293426984,love,00:24:2b:cf:13:21,model=Lenovo,-64
Fri Dec 01 11:05:00 IST 2017,,34.81090236,32.16991824,25.0,HUAWEI-00F1,fa:8f:ca:35:6e:e9,PB2-690Y_device=PB2PRO,-86
Fri Dec 01 11:05:00 IST 2017,,34.81096824,32.16994496,41.15224303,BezeqFree,86:2a:a8:a1:a0:b5,model=SM-G950F_device=dreamlte,-89
Fri Dec 01 11:05:00 IST 2017,,34.810811400954954,32.16961472513236,28.56655395303611,BezeqFree,74:da:39:54:b8:1d,model=Lenovo,-79
Fri Dec 01 11:05:00 IST 2017,,34.81086099,32.16969384,40.95173659,Basement,74:da:38:54:b8:1c,PB2-690Y_device=PB2PRO,-80
Fri Dec 01 11:05:00 IST 2017,,34.81076873796656,32.16947598662316,35.05179305270807,Lahav,c4:12:f5:f9:5c:7c,model=Lenovo,-79
Fri Dec 01 11:05:00 IST 2017,,34.81129461449425,32.17064915418148,27.775458859854766,Orit,14:ae:db:32:d5:c2,PB2-690Y_device=PB2PRO,-95
Fri Dec 01 11:05:00 IST 2017,,34.81054028,32.16885855,39.92476461,sellahome,e4:6f:13:71:f5:ce,model=SM-G950F_device=dreamlte,-91
Fri Dec 01 11:05:00 IST 2017,,34.810599893644785,32.16885466674291,25.21295586081863,DIRECT-CC-HP,e4:6f:13:73:0a:c2,model=Lenovo,-79
Fri Dec 01 11:05:00 IST 2017,,34.8107842332903,32.16871182208617,38.46326223304439,DeskJet,00:25:86:b1:6f:f8,PB2-690Y_device=PB2PRO,-85
Fri Dec 01 11:05:00 IST 2017,,34.811431718218316,32.1688052392618,35.40337896527467,4670,0c:f4:d5:29:a2:9c,model=Lenovo,-89
Fri Dec 01 11:05:00 IST 2017,,34.81142130774598,32.168800600402065,27.345797192825337,series,ec:8c:a2:09:dd:48,PB2-690Y_device=PB2PRO,-62
Fri Dec 01 11:05:00 IST 2017,,34.811431718218316,32.1688052392618,35.40337896527467,HOTBOX1234,0c:f4:d5:29:a2:9c,model=SM-G950F_device=dreamlte,-83
Fri Dec 01 11:06:00 IST 2017,,34.811431718218316,32.1688052392618,35.40337896527467,Gil,0c:f4:d5:29:a2:9c,model=Lenovo,-73
Fri Dec 01 11:06:00 IST 2017,,34.81201901095606,32.16930034169236,38.66654486168466,Kitchen,82:2a:a8:bf:94:29,PB2-690Y_device=PB2PRO,-74
Fri Dec 01 11:06:00 IST 2017,,34.81211179,32.1695048,27.0,GFCM,40:b0:34:62:33:a6,model=SM-G950F_device=dreamlte,-87
Fri Dec 01 11:06:00 IST 2017,,34.812381154525326,32.17008078532278,34.95763675812058,kenley-up,14:ae:db:48:af:4d,model=SM-G950F_device=dreamlte,-91
Fri Dec 01 11:06:00 IST 2017,,34.812132632441504,32.16951773770963,27.6141847251631,varda,b4:ee:b4:a7:81:5c,model=SM-G950F_device=dreamlte,-96
Fri Dec 01 11:06:00 IST 2017,,34.81153608358341,32.16977680077986,34.85165157615005,Liza,74:da:38:a9:1c:df,model=SM-G950F_device=dreamlte,-88
Fri Dec 01 11:06:00 IST 2017,,34.812568406839986,32.17049616508933,35.32006748280486,Liza,d0:d4:12:5e:db:f2,model=Lenovo,-88
Fri Dec 01 11:06:00 IST 2017,,34.81269163800742,32.17024638126655,33.22714033934763,SEW132_23574336,70:4d:7b:0c:89:50,PB2-690Y_device=PB2PRO,-69
Fri Dec 01 11:06:00 IST 2017,,34.812381154525326,32.17008078532278,34.95763675812058,SEW132_23574336,14:ae:db:48:af:4d,model=SM-G950F_device=dreamlte,-94
Fri Dec 01 11:06:00 IST 2017,,34.812604630186485,32.170673816282374,33.00980472385518,SEW132_23574336,00:0b:6c:4d:1b:3f,model=Lenovo,-58
Fri Dec 01 11:06:00 IST 2017,,34.81271372538758,32.17076270771375,38.93982017238009,HOTBOX-1966,14:cc:20:76:c0:8e,PB2-690Y_device=PB2PRO,-84
Fri Dec 01 11:06:00 IST 2017,,34.81264776673432,32.170614779602865,28.856246571575973,David,a0:ab:1b:62:0d:fc,model=Lenovo,-95
Fri Dec 01 11:06:00 IST 2017,,34.812311247512675,32.1712868794653,33.30888583875395,shlomi,c4:a8:1d:12:df:c5,PB2-690Y_device=PB2PRO,-94
Fri Dec 01 11:06:00 IST 2017,,34.813117385343396,32.17208376762239,36.74467850869553,stephane,80:26:89:0d:4f:84,model=SM-G950F_device=dreamlte,-87
Fri Dec 01 11:06:00 IST 2017,,34.81293238,32.17144111,31.0,,b0:5a:da:fa:44:76,model=Lenovo,-85
Fri Dec 01 11:06:00 IST 2017,,34.812604630186485,32.170673816282374,33.00980472385518,Rozenkrants,00:0b:6c:4d:1b:3f,PB2-690Y_device=PB2PRO,-90
Fri Dec 01 11:06:00 IST 2017,,34.81290645651568,32.17151950533051,36.1876526341848,oved-main,c0:ac:54:f5:7d:bd,model=Lenovo,-89
Fri Dec 01 11:06:00 IST 2017,,34.81290645651568,32.17151950533051,36.1876526341848,oved-main_2EX,c0:ac:54:f5:7d:bd,PB2-690Y_device=PB2PRO,-89
Fri Dec 01 11:06:00 IST 2017,,34.813117385343396,32.17208376762239,36.74467850869553,Lili,80:26:89:0d:4f:84,model=Lenovo,-81
Fri Dec 01 11:06:00 IST 2017,,34.813117385343396,32.17208376762239,36.74467850869553,GFCM,80:26:89:0d:4f:84,PB2-690Y_device=PB2PRO,-74
Fri Dec 01 11:06:00 IST 2017,,34.81287570965926,32.17245021201246,33.58187581664222,RS_GUEST,10:0d:7f:80:17:80,model=SM-G950F_device=dreamlte,-82
Fri Dec 01 11:06:00 IST 2017,,34.81333866873062,32.172405297725334,35.33871276392167,simon,00:07:26:4f:07:ae,model=Lenovo,-86
Fri Dec 01 11:07:00 IST 2017,,34.813117385343396,32.17208376762239,36.74467850869553,A-Home,80:26:89:0d:4f:84,PB2-690Y_device=PB2PRO,-66
Fri Dec 01 11:07:00 IST 2017,,34.81336990029565,32.17239627107894,33.515282987234094,LRWN,d8:fb:5e:17:47:f8,model=Lenovo,-82
Fri Dec 01 11:07:00 IST 2017,,34.81365607457001,32.17236066945361,30.374179752400053,LRWN,52:b0:ce:ac:32:98,PB2-690Y_device=PB2PRO,-62
Fri Dec 01 11:07:00 IST 2017,,34.813010274038064,32.172446161073495,38.08967940854689,LRWN,70:5a:0f:b2:64:cd,model=SM-G950F_device=dreamlte,-95
Fri Dec 01 11:07:00 IST 2017,,34.81382193547652,32.17232205730656,37.41697240587233,LRWN,c4:a8:1d:12:7d:4c,model=Lenovo,-78
Fri Dec 01 11:07:00 IST 2017,,34.81382193547652,32.17232205730656,37.41697240587233,Home,c4:a8:1d:12:7d:4c,PB2-690Y_device=PB2PRO,-57
Fri Dec 01 11:07:00 IST 2017,,34.81382193547652,32.17232205730656,37.41697240587233,DIRECT-A5-HP,c4:a8:1d:12:7d:4c,model=SM-G950F_device=dreamlte,-64
Fri Dec 01 11:07:00 IST 2017,,34.81441454,32.17225794,40.08129431,DeskJet,48:ee:0c:3d:eb:b8,model=Lenovo,-85
Fri Dec 01 11:09:00 IST 2017,,34.81348839,32.17237924,36.0,3700,7c:03:4c:ba:f5:5a,PB2-690Y_device=PB2PRO,-75
Fri Dec 01 11:09:00 IST 2017,,34.813029476637745,32.172448969678285,31.29501153271487,series,6c:b0:ce:ac:32:9b,model=Lenovo,-89
Fri Dec 01 11:09:00 IST 2017,,34.813010274038064,32.172446161073495,38.08967940854689,InnovationEndeavors-guest,70:5a:0f:b2:64:cd,PB2-690Y_device=PB2PRO,-68
Fri Dec 01 11:09:00 IST 2017,,34.8121285943714,32.17000964010358,32.13853079075498,HOTBOX-8156,c0:ff:d4:7b:82:30,model=SM-G950F_device=dreamlte,-89
Fri Dec 01 11:09:00 IST 2017,,34.81192728,32.17206721,32.0,InnovationEndeavors,00:f6:63:15:58:82,model=SM-G950F_device=dreamlte,-94
Fri Dec 01 11:09:00 IST 2017,,34.81183239,32.17180755,31.0,Siemens,c4:04:15:60:6a:b6,model=Lenovo,-82
Fri Dec 01 11:09:00 IST 2017,,34.81150977,32.17106538,30.0,ter123,c0:ac:54:f8:0c:ac,PB2-690Y_device=PB2PRO,-94
Fri Dec 01 11:10:00 IST 2017,,34.81118089,32.17043936,29.0,InnovationEndeavors-guest,74:da:38:6c:89:7b,model=SM-G950F_device=dreamlte,-83
Fri Dec 01 11:10:00 IST 2017,,34.81153608358341,32.16977680077986,34.85165157615005,UFI_UF230_B3F,74:da:38:a9:1c:df,model=Lenovo,-92
Fri Dec 01 11:10:00 IST 2017,,34.81071738,32.16931851,31.0,TP-LINK_76C08E,10:fe:ed:74:fc:46,PB2-690Y_device=PB2PRO,-92
Fri Dec 01 11:10:00 IST 2017,,34.81063066,32.16874453,28.0,klaiman,cc:b2:55:e8:4c:e6,model=SM-G950F_device=dreamlte,-88
Fri Dec 01 11:10:00 IST 2017,,34.811185,32.16871788,29.0,maya,00:78:9e:fa:b2:d0,model=Lenovo,-91
Fri Dec 01 11:10:00 IST 2017,,34.81168165,32.16879785,32.0,salon,90:8d:78:b6:28:f6,PB2-690Y_device=PB2PRO,-62
Fri Dec 01 11:10:00 IST 2017,,34.8121285943714,32.17000964010358,32.13853079075498,DIR-825-4f83,c0:ff:d4:7b:82:30,model=Lenovo,-95
Fri Dec 01 11:10:00 IST 2017,,34.8121884,32.16968439,31.0,DIRECT-75-HP,e0:ce:c3:8c:c1:94,PB2-690Y_device=PB2PRO,-93
Fri Dec 01 11:10:00 IST 2017,,34.812604630186485,32.170673816282374,33.00980472385518,DeskJet,00:0b:6c:4d:1b:3f,model=Lenovo,-91
Fri Dec 01 11:10:00 IST 2017,,34.81248459,32.17035702,32.0,4670,d8:fb:5e:17:62:f5,PB2-690Y_device=PB2PRO,-80
Fri Dec 01 11:11:00 IST 2017,,34.812604630186485,32.170673816282374,33.00980472385518,series,00:0b:6c:4d:1b:3f,model=Lenovo,-73
Fri Dec 01 11:11:00 IST 2017,,34.8128554262013,32.17143645030123,38.58572276052996,UFI_UF230_B3F,14:cc:20:76:b8:2a,PB2-690Y_device=PB2PRO,-72
Fri Dec 01 11:11:00 IST 2017,,34.81290645651568,32.17151950533051,36.1876526341848,HOTBOX-2017,c0:ac:54:f5:7d:bd,model=SM-G950F_device=dreamlte,-72
Fri Dec 01 11:11:00 IST 2017,,34.812704035,32.170888525,41.0,HOTBOX-2017,00:1c:10:09:4f:bc,model=SM-G950F_device=dreamlte,-84
Fri Dec 01 11:11:00 IST 2017,,34.812604630186485,32.170673816282374,33.00980472385518,DIR-825-4f83,00:0b:6c:4d:1b:3f,model=Lenovo,-87
Fri Dec 01 11:11:00 IST 2017,,34.81295222550321,32.17178432683929,30.622317270252754,DIR-825-4f83,00:12:2a:e1:6c:4c,PB2-690Y_device=PB2PRO,-87
Fri Dec 01 11:11:00 IST 2017,,34.813693684730715,32.17235659526282,37.75858536848347,ELDAD,b0:b2:8f:01:ad:fe,model=SM-G950F_device=dreamlte,-88
Fri Dec 01 11:11:00 IST 2017,,34.813693684730715,32.17235659526282,37.75858536848347,HOTBOX-1A14,b0:b2:8f:01:ad:fe,model=Lenovo,-74
